date,organisation,amount
01/07/17,SRI KRISHNA,59.0
01/07/17,SRI KRISHNA,59.0
01/07/17,SRI KRISHNA,59.0
01/07/17,SRI KRISHNA,59.0
01/07/17,SRI KRISHNA,59.0
01/07/17,SRI KRISHNA,59.0
01/07/17,SRI KRISHNA,59.0
01/07/17,SRI KRISHNA,59.0
01/07/17,SRI KRISHNA,59.0
01/07/17,SRI KRISHNA,59.0
01/07/17,SRI KRISHNA,59.0
01/07/17,SRI KRISHNA,59.0
01/07/17,SRI KRISHNA,59.0
01/07/17,SRI KRISHNA,59.0
01/07/17,SRI KRISHNA,59.0
01/07/17,SRI KRISHNA,59.0
01/07/17,SRI KRISHNA,59.0
01/07/17,SRI KRISHNA,59.0
01/07/17,SRI KRISHNA,59.0
01/07/17,SRI KRISHNA,59.0
01/07/17,SRI KRISHNA,59.0
01/07/17,SRI KRISHNA,59.0
01/07/17,SRI KRISHNA,59.0
01/07/17,SRI KRISHNA,59.0
01/07/17,SRI KRISHNA,59.0
01/07/17,SRI KRISHNA,59.0
01/07/17,SRI KRISHNA,59.0
01/07/17,SRI KRISHNA,59.0
01/07/17,SRI KRISHNA,59.0
